"variavel_padronizada","descricao","justificativa_no_modelo","unidade_ou_codificacao","coluna_pima","codigo_nhanes_2017_2018","disponibilidade_pima","disponibilidade_nhanes","observacoes_de_harmonizacao","papel_sugerido"
"participant_id","Identificador técnico do participante sem informação clínica.","Permite junções e rastreabilidade sem usar o identificador como preditor.","texto ou inteiro","não disponível no arquivo clássico","SEQN","não","sim","Criar um identificador próprio para registros Pima; nunca utilizar esta coluna como feature.","identificador"
"glucose_mg_dl","Concentração de glicose plasmática.","Critério importante para classificação de diabetes e pré-diabetes.","mg/dL","Glucose","LBXGLU","sim","sim","Não são medidas equivalentes: no Pima é glicose de 2 horas após teste oral; no NHANES é glicemia de jejum. Manter glucose_measurement_type no modelo ou analisar separadamente.","feature"
"glucose_measurement_type","Contexto da medição de glicose.","Evita que o modelo confunda glicemia de jejum com glicose de 2 horas pós-carga.","fasting ou ogtt_2h","valor derivado fixo: ogtt_2h","valor derivado fixo: fasting","derivada","derivada","Variável obrigatória se as duas bases forem combinadas na mesma tabela analítica.","feature_de_controle"
"hba1c_percent","Hemoglobina glicada; indicador da média glicêmica dos meses anteriores à coleta.","Oferece visão mais estável do controle glicêmico.","%","não disponível","LBXGH","não","sim","Não imputar HbA1c do Pima como se fosse ausência aleatória; considerar modelos específicos por base.","feature"
"bmi_kg_m2","Índice de massa corporal calculado pela relação entre peso e altura.","Associado a sobrepeso, obesidade e risco de diabetes tipo 2.","kg/m²","BMI","BMXBMI","sim","sim","Variável diretamente comparável após validação de faixas e valores ausentes.","feature"
"systolic_bp_mmhg","Pressão arterial sistólica.","Ajuda a representar risco cardiovascular e síndrome metabólica.","mmHg","não disponível","média de BPXSY1 a BPXSY4 válidas","não","sim","Calcular a média das leituras válidas do NHANES e documentar a regra usada.","feature"
"diastolic_bp_mmhg","Pressão arterial diastólica.","Ajuda a representar risco cardiovascular e síndrome metabólica.","mmHg","BloodPressure","média de BPXDI1 a BPXDI4 válidas","sim","sim","No NHANES calcular a média das leituras válidas; no Pima zeros devem ser tratados como valores ausentes clinicamente implausíveis.","feature"
"total_cholesterol_mg_dl","Concentração de colesterol total.","Representa alterações metabólicas e risco cardiovascular associados ao diabetes.","mg/dL","não disponível","LBXTC","não","sim","Disponível somente no NHANES entre as duas bases selecionadas.","feature"
"triglycerides_mg_dl","Concentração de triglicerídeos.","Representa o perfil lipídico e alterações metabólicas associadas ao diabetes.","mg/dL","não disponível","LBXTR","não","sim","No NHANES pertence à subamostra em jejum e requer o peso amostral WTSAF2YR em análises populacionais.","feature"
"family_history","Indicador ou proxy de histórico familiar de diabetes.","Representa predisposição genética e contexto familiar compartilhado.","binário no NHANES; contínuo no Pima","DiabetesPedigreeFunction","DIQ175A","parcial","parcial","Não são equivalentes: Pima usa uma função contínua de pedigree; DIQ175A indica histórico familiar como razão percebida de risco e possui aplicação condicionada. Preservar também diabetes_pedigree_function.","feature_com_cautela"
"diabetes_pedigree_function","Função contínua de pedigree de diabetes do Pima.","Resume a influência do histórico familiar no conjunto Pima.","contínua","DiabetesPedigreeFunction","não disponível","sim","não","Não converter diretamente para o indicador binário family_history do NHANES.","feature_especifica_pima"
"age_years","Idade do participante no momento da avaliação.","Apoia estratificação de risco e análise populacional.","anos","Age","RIDAGEYR","sim","sim","Comparável após aplicar critérios de inclusão etária consistentes; Pima contém apenas mulheres com 21 anos ou mais.","feature"
"sex","Sexo registrado no conjunto de dados.","Permite estratificação de risco e avaliação de viés entre grupos.","categoria padronizada","constante implícita: feminino","RIAGENDR","implícita","sim","Todos os registros Pima são de mulheres; essa limitação impede generalização direta para homens.","feature_e_auditoria"
"race_ethnicity","Raça ou origem étnica autorreferida no NHANES.","Necessária para avaliar representatividade e disparidades de desempenho.","categoria","população de herança indígena Pima; não há coluna individual","RIDRETH3","implícita","sim","Usar principalmente para auditoria de viés; categorias das bases não são diretamente equivalentes.","auditoria_de_vies"
"serum_insulin_muu_ml","Concentração de insulina sérica.","Pode representar resistência à insulina e resposta metabólica.","µU/mL","Insulin","LBXIN","sim","sim","No Pima é medida de 2 horas após teste oral e zeros são tratados como ausentes; no NHANES é insulina em jejum. Preservar insulin_measurement_type.","feature"
"insulin_measurement_type","Contexto da medição de insulina.","Evita misturar insulina em jejum com medição de 2 horas pós-carga.","fasting ou ogtt_2h","valor derivado fixo: ogtt_2h","valor derivado fixo: fasting","derivada","derivada","Usar como controle quando as bases forem combinadas.","feature_de_controle"
"skin_thickness_mm","Espessura da prega cutânea do tríceps.","Proxy de adiposidade corporal disponível no Pima.","mm","SkinThickness","não selecionado","sim","não","No Pima zeros devem ser tratados como ausentes clinicamente implausíveis.","feature_especifica_pima"
"pregnancies","Número de gestações relatadas.","Pode capturar fatores obstétricos associados ao risco de diabetes na população do Pima.","contagem","Pregnancies","não selecionado","sim","não","Usar somente em análises compatíveis com sexo e população; não é uma feature comum às duas extrações propostas.","feature_especifica_pima"
"waist_circumference_cm","Circunferência da cintura.","Medida de adiposidade central potencialmente mais informativa que o IMC isolado.","cm","não disponível","BMXWAIST","não","sim","Variável adicional recomendada para o NHANES.","feature_especifica_nhanes"
"diabetes_outcome","Desfecho binário indicando diabetes conforme definição pré-especificada.","Variável-alvo dos classificadores.","0 = não; 1 = sim","Outcome","DIQ010 ou desfecho derivado","sim","sim ou derivada","O Outcome do Pima e o autorrelato DIQ010 não têm a mesma definição. Se o alvo NHANES for derivado de glicose ou HbA1c, não usar essas mesmas medidas como features sem discutir vazamento do alvo.","target"
"fasting_sample_weight","Peso amostral da subamostra em jejum do NHANES.","Necessário para inferência populacional válida no desenho amostral complexo do NHANES.","peso amostral","não disponível","WTSAF2YR","não","sim","Não usar como feature clínica. Usar em estimativas populacionais e considerar sua aplicação na avaliação ou no treinamento.","peso_amostral"
